"dependent.var","independent.var","dependent.var.value","independent.var.value","numbers","se","min","max","repeat.var","repeat.var.value"
"c32","all",1,"all",0.0439743864928256,NA,0.0371195014994765,0.0508292714861747,"all","all"
"c33_i","all",1,"all",0.478203413409581,NA,0.354073935096174,0.602332891722987,"all","all"
"c33_ii","all",1,"all",0.0706102774422665,NA,0.0364121084543157,0.104808446430217,"all","all"
"c33_iii","all",1,"all",0.127862396637136,NA,0.0261764823868266,0.229548310887445,"all","all"
"c33_iv","all",1,"all",0.234571794043825,NA,0.110462623997151,0.3586809640905,"all","all"
