returnee,total,health_issue.chronic,Number_of_health_issue.chronic,above64,Number_of_above64,above64_with_chronic,Number_of_above64_with_chronic,above64_or_chronic,Number_of_above64_or_chronic
4720740,5970974,0.1051221766991357,496254.4644306779,0.01770984158827038,83603.55757941151,0.012720091920377156,60048.24673220125,0.11011192636702893,519809.77527788817
